ts	phase	decision	why	evidence	result
2026-09-24T04:46:44Z	frame	Confirmed media login and sync are scaffolding; user selected watched-state union	Finish real account pairing without clearing watched items	src/backend/auth/plex/service.ts	open
2026-09-24T04:50:46Z	design	Chose separate profile tables and explicit one-to-one watched-union pairings	Prevent family histories from merging through implicit identities	.audit/continuarr-design.md	implementation started
2026-09-24T05:05:22Z	baseline	Fixed the Bun test crash by using the native Bun SQLite test driver	The production Node SQLite driver crashed under Bun; other tests already use Bun SQLite	src/backend/shared/repo.test.ts	3 focused tests passed
2026-09-24T05:05:22Z	implementation	Implemented encrypted profiles, pairing UI, providers, union planner and hourly coordinator	Complete account linking and safe watched merging for each selected user	src/backend/media/service.test.ts	service, provider and planner checks passed
2026-09-24T05:05:22Z	browser	Connected fixture Jellyfin user and synced both directions through the dashboard	Verify the real UI-to-HTTP-to-provider path and repeated runs	scripts/media-fixture.ts	first run 2 updates; second run 0; both providers report both movies watched
2026-09-24T05:05:22Z	cloud	Created and polled a real Plex authorization PIN	Check the public OAuth endpoint without exposing or accessing user credentials	src/backend/media/plex.ts	PIN creation and pending poll passed; authenticated live accounts remain unverified
2026-09-24T05:05:22Z	review	Rejected the reviewers Node-runtime warning after inspecting production imports	Only tests and the fixture script use bun:sqlite; the server uses better-sqlite3	src/db/database.ts	production build and Node Vite server passed
2026-09-24T05:08:21Z	scheduler	Verified a due automatic pairing runs in the live server	Exercise timer wiring as well as the service tick tests	src/backend/media/runtime.server.ts	third run completed automatically with 0 updates
2026-09-24T05:08:21Z	boundary	Reject path-style episode IDs and accept wrapped or flat Home tokens with identity verification	Avoid treating a series ID as an episode ID and tolerate legacy JSON envelopes	src/backend/media/providers.test.ts	9 provider tests passed; live Home account response remains unverified
2026-09-24T05:09:28Z	final	Completed local implementation and verification gates	Deliver a reviewable working sync flow with explicit live-account validation limits	.audit/continuarr-verification.md	91 application tests and 16 workflow tests passed; lint, types, migrations and build passed
2026-09-24T05:10:15Z	review	Completed independent trail review and clarified baseline crash scope	Distinguish the Bun test-driver failure from the working production Node runtime	.audit/continuarr-verification.md	reviewed by GPT-6 Luna; no blocking code finding; live authenticated providers still unverified
